{"cameraMode":{"drawMode":0,"name":"Shaded","section":"Shading Mode"},"sceneLighting":true,"audioPlay":false,"sceneViewState":{"m_AlwaysRefresh":false,"showFog":true,"showSkybox":true,"showFlares":true,"showImageEffects":true,"showParticleSystems":true,"showVisualEffectGraphs":true,"m_FxEnabled":true},"in2DMode":false,"pivot":{"x":0.9282233119010925,"y":-1.0030407905578614,"z":-6.8139214515686039},"rotation":{"x":0.010362661443650723,"y":0.9755573868751526,"z":-0.21437659859657288,"w":0.04715734347701073},"size":6.649641036987305,"orthographic":false}