{"cameraMode":{"drawMode":0,"name":"Shaded","section":"Shading Mode"},"sceneLighting":true,"audioPlay":false,"sceneViewState":{"m_AlwaysRefresh":false,"showFog":true,"showSkybox":true,"showFlares":true,"showImageEffects":true,"showParticleSystems":true,"showVisualEffectGraphs":true,"m_FxEnabled":true},"in2DMode":false,"pivot":{"x":6.902374744415283,"y":3.5682475566864015,"z":-28.874916076660158},"rotation":{"x":0.2177668809890747,"y":0.6958786249160767,"z":-0.23587264120578767,"w":0.6424322724342346},"size":3.5918755531311037,"orthographic":false}