{"cameraMode":{"drawMode":0,"name":"Shaded","section":"Shading Mode"},"sceneLighting":true,"audioPlay":false,"sceneViewState":{"m_AlwaysRefresh":false,"showFog":true,"showSkybox":true,"showFlares":true,"showImageEffects":true,"showParticleSystems":true,"showVisualEffectGraphs":true,"m_FxEnabled":true},"in2DMode":false,"pivot":{"x":6.074617862701416,"y":-1.3903459310531617,"z":-9.9008207321167},"rotation":{"x":0.0006863358430564404,"y":0.986559271812439,"z":-0.16337306797504426,"w":0.004145087208598852},"size":10.995268821716309,"orthographic":false}