{"cameraMode":{"drawMode":0,"name":"Shaded","section":"Shading Mode"},"sceneLighting":false,"audioPlay":false,"sceneViewState":{"m_AlwaysRefresh":false,"showFog":false,"showSkybox":false,"showFlares":false,"showImageEffects":false,"showParticleSystems":false,"showVisualEffectGraphs":true,"m_FxEnabled":true},"in2DMode":false,"pivot":{"x":-0.06229148060083389,"y":1.0322827100753785,"z":0.04364600405097008},"rotation":{"x":-0.0011340940836817027,"y":0.9914236068725586,"z":-0.13043281435966493,"w":-0.008624633774161339},"size":0.6917476058006287,"orthographic":false}