{"cameraMode":{"drawMode":0,"name":"Shaded","section":"Shading Mode"},"sceneLighting":false,"audioPlay":false,"sceneViewState":{"m_AlwaysRefresh":false,"showFog":true,"showSkybox":false,"showFlares":true,"showImageEffects":true,"showParticleSystems":true,"showVisualEffectGraphs":true,"m_FxEnabled":true},"in2DMode":false,"pivot":{"x":957.4785766601563,"y":567.616455078125,"z":302.5504150390625},"rotation":{"x":0.0011902751866728068,"y":0.0005972528597339988,"z":0.0000010369810752308695,"w":-1.000001072883606},"size":334.8456726074219,"orthographic":false}