{"cameraMode":{"drawMode":0,"name":"Shaded","section":"Shading Mode"},"sceneLighting":false,"audioPlay":false,"sceneViewState":{"m_AlwaysRefresh":false,"showFog":false,"showSkybox":false,"showFlares":false,"showImageEffects":false,"showParticleSystems":false,"showVisualEffectGraphs":true,"m_FxEnabled":true},"in2DMode":false,"pivot":{"x":0.10036151856184006,"y":1.1029735803604127,"z":-0.016354212537407876},"rotation":{"x":0.006920295767486095,"y":0.9929951429367065,"z":-0.089921735227108,"w":0.0764133408665657},"size":1.130406379699707,"orthographic":false}